CID	count	v0	v1	v2	v3	v4	v5
5	112	TTTAGATCTGGTTGGCTAACGGG	CCCTCATCTACCCGTTGCATTAT	TACTTAAATTACGAACTATAAAG	CATAACGACACCACATGGCGCGC	ACACAATGTCGCAAGCGCATGCA	ACGCTCTCAACATTGTACGACAC
0	89	CTTCCCGTAGTAGTTTCGGCTCC	GTTCTCCGATAGCTGGTGGCATC	TTTCATAGTACTACAATAAGAGT	GCATAGATGCAAACAATAGGGGC	TACCAAATGATCGCAGTCAGCGG	AAGTTAAGCTCAGGTGGCGAGAT
4	86	TGGAACATCTGATATCCGGGAGG	GTGACGATTGGCCCTCAAAAAAC	ACGTGTCACACCCTATCGGCTGG	GCGATCCGACCTGCTTTCTTTCC	TTAGACTGTTGCGGCTGCCAATT	ACATGCCTGGACATAATCCATGC
9	110	TACGAATTTGAAGGTTCTGGACG	TTGAAAGCTGTACGGCGTCGCCT	ATAGTGTATCGAGCGCCCCCCCC	TGCTATTCGAAATTGGCCGAGTC	TGAAAGGGCCTCAAACCCTGAGC	ATAGCAAGAAGGCCTATTAGTTG
1	99	GAAGGCTTCCCCCGGGTAGGCGA	CAGCTTCTCCGGAATGCGCGAGT	CGTTTACTATAAGAGGAGTCAAG	TCGGTGCCCTAGCCGGATAGACG	TTTCTCCTTCCCATTCTACACGT	TACGTAGTCAAGTGATCTAACTT
8	101	GTGAACGACAGGTATATGTGTAA	CCAAGGCCTTAATATAACAGTAT	CAGGGACTAACGACTTTGAGTCC	ACTCACTAGTGGAGCAAACTGAT	TTATCACCTCGACCGTCCCTTAC	CTGCCTTCGTCGATCTAAGGTAA
2	94	GAGGAACTACGTTTCTTGCCGCG	CAATGTATGCAGACCCCTACGAG	GGCTCCGCGTACGGAGAGAAGGA	CGTTAAACATCGGTAAGTACAAT	AAGGAGCCAGAACGGCCCGACAG	ATTGTCCATTGCCATCGCCTTGA
7	101	TGGACACCTAAGCAGCTAATTCT	GCTCCTTCGGGCTTTTAAGCAGC	GTGTAAGTCCAATAACTAATGTA	GACGTACGAGGTTTTGCATTACT	AGTTTTGCGAACCTAAAACGCTC	CTGCCCGGCTCTCTGTAGTAAAT
3	94	CATACCCCGAGATCAATAGACTA	GCTAACCGAAAATACATGTGCAA	CGGATCGGGCAGGGTAAGTGGCT	TAAACTGCGGTAGGAACCACGAA	CAATGCCAGAGCTGATCGTGTGG	CTTAGGTGAAATGGTGGAAGGGA
6	114	CCTAACATTGATTACTTTCAGAG	AAATACGTCTGGTTTGCCAAAGC	GACTCGCCTCTAGCTTACCAGCC	GCGGCACTAGTGCACCAACACAG	AGTCCGATGTAGACGCACATGAC	GCTTACCCCTTCCGGTGAGATGT
